{
    "traceflags":["3226", "1222", "1204", "8032"],
    "sqlserviceaccount":"sa_sqlacct",
    "sqlagentaccount":"sa_sqlagentacct",
    "sqlauditaccount":"sa_sqlaudit",
    "sqlbackupaccount":"sa_sqlbackup",
    "sqlauditlevel":"Failure",
    "salogin":"flat",
    "errorlogcount":"12",
    "auditname":"TrackLogins",
    "auditspecname":"TrackAllLogins",
    "dbscriptlocation":"artifactory/choco-release/dba/SqlScripts.zip",
    "sqlserverversion":"11.0.7469.6",
    "LoginMode":"Mixed",
    "audits":[
        {
            "name":"TrackLogins",
            "auditspecname":"TrackAllLogins",
            "accountname":"sa_sqlaudit",
            "privileges":["SeAuditPrivilege"]
        }
    ],
    "sp_config":[
        {
            "name":"show advanced options",
            "value":"1"
        },
        {
            "name":"Agent XPs",
            "value":"1"
        },
        {
            "name":"optimize for ad hoc workloads",
            "value":"1"
        },
        {
            "name":"max degree of parallelism",
            "value":"2"
        },
        {
            "name":"backup compression default",
            "value":"1"
        },
        {
            "name":"Ad Hoc Distributed Queries",
            "value":"0"
        },
        {
            "name":"clr enabled",
            "value":"0"
        },
        {
            "name":"cross db ownership chaining",
            "value":"0"
        },
        {
            "name":"Database Mail XPs",
            "value":"0"
        },
        {
            "name":"Ole Automation Procedures",
            "value":"0"
        },
        {
            "name":"remote access",
            "value":"0"
        },
        {
            "name":"remote admin connections",
            "value":"1"
        },
        {
            "name":"scan for startup procs",
            "value":"0"
        },
        {
            "name":"xp_cmdshell",
            "value":"1"
        },
        {
            "name":"default trace enabled",
            "value":"1"
        },
        {
            "name":"show advanced options",
            "value":"0"
        }
    ],
    "logins":[
        {
            "name":"Database Admins",
            "serverrole":["sysadmin"]
        },
        {
            "name":"sa_pnsqluser",
            "serverrole":["sysadmin"]
        },
        {
            "name":"sa_sqlbackup",
            "serverrole":["sysadmin"]
        }
    ],
    "windowslogins":[
        {
            "name":"sa_pnsqluser",
            "localgroup":"administrators",
            "right":[]
        },
        {
            "name":"sa_sqlacct",
            "localgroup":"administrators",
            "right":[]
        },
        {
            "name":"sa_sqlbackup",
            "localgroup":"administrators",
            "right":[]
        },
        {
            "name":"sa_sqlagentacct",
            "localgroup":"",
            "right":["SeServiceLogonRight", "SeAssignPrimaryTokenPrivilege", "SeChangeNotifyPrivilege", "SeIncreaseQuotaPrivilege", "SeBatchLogonRight"]
        }
    ],
    "proxies":[
        {
            "name":"pnsqluser",
            "credential":"sa_pnsqluser",
            "subsystem":["CmdExec", "Powershell"]
        }
    ],
    "storage":[
        {
            "drive":"e",
            "label":"data",
            "size":"1099511627776",
            "path":"e:\\mssql\\data"
        },
        {
            "drive":"f",
            "label":"tempdb",
            "size":"536870912000",
            "path":"f:\\mssql\\data"
        },
        {
            "drive":"g",
            "label":"log",
            "size":"536870912000",
            "path":"g:\\mssql\\tranlog"
        },
        {
            "drive":"m",
            "label":"backup",
            "size":"536870912000",
            "path":"m:\\mssql\\backup"
        }
    ]
}