{
    "sqlserviceaccount":"sa_sqlacctsea",
    "sqlagentaccount":"sa_sqlacctsea",
    "jurisdiction":"seapr1",
    "incthost":"false",
    "dbscriptlocation":"",
    "availabilitygroupname":"Expense",
    "linkedservers":[],
    "storage":[
        {
            "drive":"e",
            "label":"data",
            "size":"1099511627776",
            "path":"e:\\mssql\\data"
        },
        {
            "drive":"f",
            "label":"tempdb",
            "size":"536870912000",
            "path":"f:\\mssql\\data"
        },
        {
            "drive":"g",
            "label":"log",
            "size":"536870912000",
            "path":"g:\\mssql\\tranlog"
        },
        {
            "drive":"m",
            "label":"backup",
            "size":"536870912000",
            "path":"m:\\mssql\\backup"
        }
    ],
    "logins":[
		{
			"name":  "CES_DBO_Prod",
			"serverrole":[]
		},
		{
			"name":  "CES_ReadOnly_Prod",
			"serverrole":[]
		},
		{
			"name":  "CliqbookApp",
			"serverrole":[]
		},
		{
			"name":  "CT_HOST_DBO_PROD",
			"serverrole":[]
		},
		{
			"name":  "CT_HOST_READONLY_PROD",
			"serverrole":[]
		},
		{
			"name":  "LearningServices_DBO_Prod",
			"serverrole":[]
		},
		{
			"name":  "ops_web",
			"serverrole":[]
		},
		{
			"name":  "sa_co_ctedb",
			"serverrole":[]
		},
		{
			"name":  "sa_daytcs_1",
			"serverrole":[]
		},
		{
			"name":  "sa_db_mon",
			"serverrole":[]
		},
		{
			"name":  "sa_gypsy",
			"serverrole":[]
		},
        {
			"name":  "ussea7x",
			"serverrole":[],
			"sid":  "0x55E6BE6B8C0E074A87A6376DC31A2A8D"
		},
		{
			"name":  "ussea7xAdmin",
			"serverrole":[],
			"sid":  "0x4EE634E53B49254DB992BC97E498EEB2"
		},
		{
			"name":  "CT_HOST_SA_1",
			"serverrole":[],
			"sid":  "0x3BC374B3F9A9F34B9D3E58FA7124DDCE"
		},
		{
			"name":  "CT_HOST_SA_2",
			"serverrole":[],
			"sid":  "0xE8AD6EC3D77E344695E06628914A7403"
		},
		{
			"name":  "CT_HOST_RO_1",
			"serverrole":[],
			"sid":  "0xA5DAC1920834FC4FBC3CE433489664B7"
		},
		{
			"name":  "CT_HOST_RO_2",
			"serverrole":[],
			"sid":  "0xABA4F7C454D2AF4FB31090BC8B1E6D00"
		},
		{
			"name":  "CT_HOST_DBO_1",
			"serverrole":[],
			"sid":  "0x305E2E3563CCB44AB8F5932866DDBF89"
		},
		{
			"name":  "CT_HOST_DBO_2",
			"serverrole":[],
			"sid":  "0x286BE111E7493B42B6C315D77EDBFB50"
		},
		{
			"name":  "testjmz",
			"serverrole":[],
			"sid":  "0x2B6C4F03F3C5FC4F9472E8E42EB73831"
		},
		{
			"name":  "seapr1dbupdate",
			"serverrole":[],
			"sid":  "0x5DAEB5B3DEEA534EA28EA661F642EB09"
		},
		{
			"name":  "OTDashB",
			"serverrole":[],
			"sid":  "0x08C8ED290786F140B121F81D61AF4873"
		},
		{
			"name":  "OTTravelWebServer",
			"serverrole":[],
			"sid":  "0x87843F5F36501E449AAE4AA972A78DE1"
		},
		{
			"name":  "FAX_PROD",
			"serverrole":[],
			"sid":  "0x91F597FBD0A55941B59C2B7480EE634C"
		},
		{
			"name":  "IMG_MON",
			"serverrole":[],
			"sid":  "0x96DC46810C15244DBDF9308BC1913FAA"
		},
		{
			"name":  "SA_SecureLogCheck",
			"serverrole":[],
			"sid":  "0xC05F758BAC5F2A41922D6E7B02A8D0D2"
		},
		{
			"name":  "SA_Gypsy_RO",
			"serverrole":[],
			"sid":  "0x99250075F0624E40AE8AAB2E622FDCC3"
		},
		{
			"name":  "cse_ro",
			"serverrole":[],
			"sid":  "0x6927A34E238E3E4F9A69900A95D406B8"
		},
		{
			"name":  "ExpenseIt_User",
			"serverrole":[],
			"sid":  "0x222AE9B574DA044FBD4288FEE142DF32"
		},
		{
			"name":  "sa_cdoauto",
			"serverrole":[],
			"sid":  "0x19258DC24395F644BBE59492135553B1"
		},
		{
			"name":  "ConcurQuery",
			"serverrole":[],
			"sid":  "0x0339B4416CF4894099B05C646F2E7D54"
		},
		{
			"name":  "logaudit",
			"serverrole":[],
			"sid":  "0xA50AD07AB13F9A46871E1E4D2949439E"
		},
		{
			"name":  "ConcurQueryOthersUS",
			"serverrole":[],
			"sid":  "0x69FE4C7FFEC7EE48A7688B4185AAD4B4"
		}
    ],
    "sp_config":[
        {
            "name":"show advanced options",
            "value":"1"
        },
        {
            "name":"cost threshold for parallelism",
            "value":"50"
        },
        {
            "name":"max degree of parallelism",
            "value":"2"
        },
        {
            "name":"show advanced options",
            "value":"0"
        }
    ],
    "dbs":[
        {
            "name":"eoperationsdba",
            "bakfile":"d:\\backups\\eoperationsdba.bak",
            "hadr":"true",
            "uri":"artifactory/choco-sandbox/dba/CT_Host_eOperationsDBA.bak"
        },
        {
            "name":"eoperationsstats",
            "bakfile":"d:\\backups\\eoperationsstats.bak",
            "hadr":"true",
            "uri":"artifactory/choco-sandbox/dba/eOperationsStats.bak"
        }
    ]
}