{
    "sqlserviceaccount":"sa_sqlacctsea",
    "sqlagentaccount":"sa_sqlacctsea",
    "jurisdiction":"seapr1",
    "incthost":"true",
    "dbscriptlocation":"",
    "availabilitygroupname":"Expense",
    "linkedservers":[
        {
            "name":"vpc19-vxl2-w9xv",
            "datasource":"tcp:vpc19-vxl2-w9xv",
            "productname":"Sql Server",
            "dataaccess":"true",
            "rpc":"false",
            "rpcout":"false",
            "remotelogins":[
                {
                    "name":"someusername",
                    "impersonate":"true"
                }
            ]
        },
        {
            "name":"vpc19-isba-x2pz",
            "datasource":"tcp:vpc19-isba-x2pz",
            "productname":"Sql Server",
            "dataaccess":"true",
            "rpc":"false",
            "rpcout":"rpcout",
            "remotelogins":[
                {
                    "name":"someusername",
                    "impersonate":"true"
                }
            ]
        }
    ],
    "storage":[
        {
            "drive":"e",
            "label":"data",
            "size":"1099511627776",
            "path":"e:\\mssql\\data"
        },
        {
            "drive":"f",
            "label":"tempdb",
            "size":"536870912000",
            "path":"f:\\mssql\\data"
        },
        {
            "drive":"g",
            "label":"log",
            "size":"536870912000",
            "path":"g:\\mssql\\tranlog"
        },
        {
            "drive":"m",
            "label":"backup",
            "size":"536870912000",
            "path":"m:\\mssql\\backup"
        }
    ],
    "logins":[
        {
            "name":"database admins",
            "serverrole":["sysadmin", "bulkadmin"]
        },
        {
            "name":"benr",
            "serverrole":["sysadmin"]
        },
        {
            "name":"ussea7x",
            "serverrole":"",
            "sid":"0x55E6BE6B8C0E074A87A6376DC31A2A8D"
        }
    ],
    "sp_config":[
        {
            "name":"show advanced options",
            "value":"1"
        },
        {
            "name":"cost threshold for parallelism",
            "value":"50"
        },
        {
            "name":"max degree of parallelism",
            "value":"2"
        },
        {
            "name":"show advanced options",
            "value":"0"
        }
    ],
    "dbs":[
        {
            "name":"eoperationsdba",
            "bakfile":"d:\\backups\\eoperationsdba.bak",
            "hadr":"true",
            "uri":"artifactory/choco-sandbox/dba/eOperationsDBA.bak"
        },
        {
            "name":"eoperationsstats",
            "bakfile":"d:\\backups\\eoperationsstats.bak",
            "hadr":"true",
            "uri":"artifactory/choco-sandbox/dba/eOperationsStats.bak"
        }
    ]
}