{
    "sqlserviceaccount":"sa_sqlacct",
    "sqlagentaccount":"sa_sqlagentacct",
    "jurisdiction":"seapr1",
    "incthost":"false",
    "dbscriptlocation":"",
    "availabilitygroupname":"DefaultAG",
    "linkedservers":[],
    "storage":[
        {
            "drive":"e",
            "label":"data",
            "size":"1099511627776",
            "path":"e:\\mssql\\data"
        },
        {
            "drive":"f",
            "label":"tempdb",
            "size":"536870912000",
            "path":"f:\\mssql\\data"
        },
        {
            "drive":"g",
            "label":"log",
            "size":"536870912000",
            "path":"g:\\mssql\\tranlog"
        },
        {
            "drive":"m",
            "label":"backup",
            "size":"536870912000",
            "path":"m:\\mssql\\backup"
        }
    ],
    "logins":[],
    "sp_config":[
        {
            "name":"show advanced options",
            "value":"1"
        },
        {
            "name":"cost threshold for parallelism",
            "value":"50"
        },
        {
            "name":"max degree of parallelism",
            "value":"2"
        },
        {
            "name":"show advanced options",
            "value":"0"
        }
    ],
    "dbs":[

    ]
}